avar_word,russian_translations,english_translations,examples
Австралиялъул,АВСТРАЛИЙСКИЙ,,
Австриялъул,АВСТРИЙСКИЙ,,
Алжиралъул,АЛЖИРСКИЙ,,
Аллагь,АЛЛАХ,,
Африкаялъул,АФРИКАНСКИЙ,,
абажур,АБАЖУР,,
абазинав,АБАЗИНЕЦ,,
абазиназул,АБАЗИНСКИЙ,,
абазиназулаб,АБАЗИНСКИЙ,,
абазинай,АБАЗИНКА,,
абазинал,АБАЗИНЦЫ,,
аббат,АББАТ,,
аббревиатура,АББРЕВИАТУРА,,
абзац,АБЗАЦ,,
абитуриент,АБИТУРИЕНТ,,
абитуриентка,АБИТУРИЕНТКА,,
абонемент,АБОНЕМЕНТ,,
абонемент бугев чи,АБОНЕНТ,,
абонент,АБОНЕНТ,,
аборигенал,АБОРИГЕНЫ,,
аборт,АБОРТ,,
абрикосовый,АБРИКОСНЫЙ,,
абсолютизм,АБСОЛЮТИЗМ,,
абсолютияб,АБСОЛЮТНЫЙ,,
абстрактияб,АБСТРАКТНЫЙ,,
абстрактияб искусствоялъул вакил,АБСТРАКЦИОНИСТ,,
абстрактияб искусствоялъул нух,АБСТРАКЦИОНИЗМ,,
абстракционизм,АБСТРАКЦИОНИЗМ,,
абстракционизмалъул вакил,АБСТРАКЦИОНИСТ,,
абстракционизмалъулаб,АБСТРАКЦИОНИСТСКИЙ,,
абстракционист,АБСТРАКЦИОНИСТ,,
абстракция,АБСТРАКЦИЯ,,
абсцесс,АБСЦЕСС,,
абсцисса,АБСЦИССА,,
абхаз,АБХАЗСКИЙ,,
абхазав,АБХАЗ,,
абхазав,АБХАЗЕЦ,,
абхазазулаб,АБХАЗСКИЙ,,
абхазай,АБХАЗКА,,
абхазал,АБХАЗЫ,,
абхазал,АБХАЗЦЫ,,
авангард,АВАНГАРД,,
аванпост,АВАНПОСТ,,
аванс,АВАНС,,
аванс биччазе,АВАНСИРОВАТЬ,,
аванс кьезе,АВАНСИРОВАТЬ,,
авансалъулаб,АВАНСОВЫЙ,,
аванслъун,АВАНСОМ,,
авансцена,АВАНСЦЕНА,,
авантюра,АВАНТЮРА,,
авантюра гъорлъ бугеб,АВАНТЮРНЫЙ,,
авантюрачи,АВАНТЮРИСТ,,
авантюрачIужу,АВАНТЮРИСТКА,,
авантюризм,АВАНТЮРИЗМ,,
авантюрист,АВАНТЮРИСТ,,
авантюристияб,АВАНТЮРИСТИЧЕСКИЙ,,
авантюристка,АВАНТЮРИСТКА,,
авантюрияб,АВАНТЮРНЫЙ,,
авар,АВАРСКИЙ,,
аварав,АВАРЕЦ,,
аваразул,АВАРСКИЙ,,
аварай,АВАРКА,,
аварал,АВАРЦЫ,,
авария,АВАРИЯ,,
авария ккей,АВАРИЙНОСТЬ,,
авариялъулаб,АВАРИЙНЫЙ,,
август,АВГУСТ,,
августалъул,АВГУСТОВСКИЙ,,
авиабаза,АВИАБАЗА,,
авиабилет,АВИАБИЛЕТ,,
авиабухьен,АВИАСООБЩЕНИЕ,,
авиадесант,АВИАДЕСАНТ,,
авиазавод,АВИАЗАВОД,,
авиакомпания,АВИАКОМПАНИЯ,,
авиаконструктор,АВИАКОНСТРУКТОР,,
авиамоделал гьарулев чи,АВИАМОДЕЛИСТ,,
авиамоделизм,АВИАМОДЕЛИЗМ,,
авиамоделист,АВИАМОДЕЛИСТ,,
авиамоделияб,АВИАМОДЕЛЬНЫЙ,,
авиамодель,АВИАМОДЕЛЬ,,
авиамухъ,АВИАЛИНИЯ,,
авианух,АВИАЛИНИЯ,,
авиапочта,АВИАПОЧТА,,
авиаразведка,АВИАРАЗВЕДКА,,
авиатранспорт,АВИАТРАНСПОРТ,,
авиатрасса,АВИАТРАССА,,
авиация,АВИАЦИЯ,,
авиациялъулаб,АВИАЦИОННЫЙ,,
авитаминоз,АВИТАМИНОЗ,,
авлахъалда салул гохI,БАРХАН,,
австралияв,АВСТРАЛИЕЦ,,
австралияй,АВСТРАЛИЙКА,,
австралиял,АВСТРАЛИЙЦЫ,,
австралиялъулаб,АВСТРАЛИЙСКИЙ,,
австрияв,АВСТРИЕЦ,,
австрияй,АВСТРИЙКА,,
австриял,АВСТРИЙЦЫ,,
австриялъулаб,АВСТРИЙСКИЙ,,
авто-,АВТО-,,
автобаза,АВТОБАЗА,,
автобиография,АВТОБИОГРАФИЯ,,
автобиографиялъул,АВТОБИОГРАФИЧЕСКИЙ,,
автобус,АВТОБУС,,
автобусазул,АВТОБУСНЫЙ,,
автобусалъулаб,АВТОБУСНЫЙ,,
автовокзал,АВТОВОКЗАЛ,,
автогенияб,АВТОГЕННЫЙ,,
автогонщик,АВТОГОНЩИК,,
автограф,АВТОГРАФ,,
автозавод,АВТОЗАВОД,,
автоинспектор,АВТОИНСПЕКТОР,,
автоинспекция,АВТОИНСПЕКЦИЯ,,
автоклуб,АВТОКЛУБ,,
автоколонна,АВТОКОЛОННА,,
автокормушка,АВТОКОРМУШКА,,
автокран,АВТОКРАН,,
автол,АВТОЛ,,
автолавка,АВТОЛАВКА,,
автомагистраль,АВТОМАГИСТРАЛЬ,,
автомат,АВТОМАТ,,
автоматаз хIалтIизабулеб,АВТОМАТИЧЕСКИЙ,,
автоматаз хIалтIизабулеблъун гьабизе,АВТОМАТИЗИРОВАТЬ,,
автоматизация,АВТОМАТИЗАЦИЯ,,
автоматика,АВТОМАТИКА,,
автоматикияб,АВТОМАТИЧЕСКИЙ,,
автоматчи,АВТОМАТЧИК,,
автомашина,АВТОМАШИНА,,
автомашинабазе цIатари,АВТОЗАПРАВОЧНЫЙ,,
автомобилазул,АВТОМОБИЛЬНЫЙ,,
автомобилазул къецазул гIахьалчи,АВТОМОБИЛИСТ,,
автомобилазулгун тракторазул,АВТОТРАКТОРНЫЙ,,
автомобилал гьари,АВТОМОБИЛЕСТРОЕНИЕ,,
автомобилал къачIалеб,АВТОРЕМОНТНЫЙ,,
автомобилал риччай,АВТОПРОБЕГ,,
автомобилал хирияв чи,АВТОЛЮБИТЕЛЬ,,
автомобилалъул,АВТОМОБИЛЬНЫЙ,,
автомобилист,АВТОМОБИЛИСТ,,
автомобиль,АВТОМОБИЛЬ,,
автомотоклуб,АВТОМОТОКЛУБ,,
автономия,АВТОНОМИЯ,,
автономияб,АВТОНОМНЫЙ,,
автопарк,АВТОПАРК,,
автопилот,АВТОПИЛОТ,,
автоплуг,АВТОПЛУГ,,
автопогрузчик,АВТОПОГРУЗЧИК,,
автопоезд нахъа бараб машина,АВТОПОЕЗД,,
автопоилка,АВТОПОИЛКА,,
автопокрышка,АВТОПОКРЫШКА,,
автопортрет,АВТОПОРТРЕТ,,
автор,АВТОР,,
авторалли,АВТОРАЛЛИ,,
авторасул,АВТОРСКИЙ,,
авторасулаб,АВТОРСКИЙ,,
автореферат,АВТОРЕФЕРАТ,,
авторефрижератор,АВТОРЕФРИЖЕРАТОР,,
авторлъи,АВТОРСТВО,,
авторуссун,АВТОКОРМУШКА,,
авторучка,АВТОРУЧКА,,
автостоп,АВТОСТОП,,
автострада,АВТОСТРАДА,,
автотранспорт,АВТОТРАНСПОРТ,,
автотрасса,АВТОТРАССА,,
автотукен,АВТОЛАВКА,,
автотуризм,АВТОТУРИЗМ,,
агглютинативияб,АГГЛЮТИНАТИВНЫЙ,,
агглютинация,АГГЛЮТИНАЦИЯ,,
агент,АГЕНТ,,
агентал  жасусал,АГЕНТУРА,,
агентство,АГЕНТСТВО,,
агентура,АГЕНТУРА,,
агентурияб,АГЕНТУРНЫЙ,,
агитатор,АГИТАТОР,,
агитаторлъиялъулаб,АГИТАТОРСКИЙ,,
агитация,АГИТАЦИЯ,,
агитация гьабизе  кантIизавизе,АГИТИРОВАТЬ,,
агитация гьабулеб пункт,АГИТПУНКТ,,
агитация гьабулебколлектив,АГИТКОЛЛЕКТИВ,,
агитациялъул,АГИТАЦИОННЫЙ,,
агитбригада,АГИТБРИГАДА,,
агитколлектив,АГИТКОЛЛЕКТИВ,,
агитпункт,АГИТПУНКТ,,
агностицизм,АГНОСТИЦИЗМ,,
аграрияб,АГРАРНЫЙ,,
агрегат,АГРЕГАТ,,
агрессия,АГРЕССИЯ,,
агрессор,АГРЕССОР,,
агробиология,АГРОБИОЛОГИЯ,,
агробиологияб,АГРОБИОЛОГИЧЕСКИЙ,,
агроном,АГРОНОМ,,
агрономия,АГРОНОМИЯ,,
агрономияб,АГРОНОМИЧЕСКИЙ,,
агротехник,АГРОТЕХНИК,,
агротехника,АГРОТЕХНИКА,,
агротехникияб,АГРОТЕХНИЧЕСКИЙ,,
агрохимикияб,АГРОХИМИЧЕСКИЙ,,
агрохимия,АГРОХИМИЯ,,
агул,АГУЛЬСКИЙ,,
агулав,АГУЛЕЦ,,
агулазул,АГУЛЬСКИЙ,,
агулай,АГУЛКА,,
агулал,АГУЛЬЦЫ,,
агульцы,АГУЛЫ,,
агь,АХ,,
адаб-хъатир гьечIеб,АМОРАЛЬНЫЙ,,
адаб-хъатир гьечIолъи,АМОРАЛЬНОСТЬ,,
адаптация,АДАПТАЦИЯ,,
адаптер кьезе бугеб алат,АДАПТЁР,,
адвокат,АДВОКАТ,,
адвокатал  адвокатлъи,АДВОКАТУРА,,
аджар,АДЖАРСКИЙ,,
аджарав,АДЖАРЕЦ,,
аджаразул,АДЖАРСКИЙ,,
аджарай,АДЖАРКА,,
аджарал,АДЖАРЦЫ,,
аджика нигIмат,АДЖИКА,,
административияб,АДМИНИСТРАТИВНЫЙ,,
административияб къагIидаялъ иш билълъанхъизабизе,АДМИНИСТРИРОВАТЬ,,
администратор,АДМИНИСТРАТОР,,
администрация,АДМИНИСТРАЦИЯ,,
адмирал,АДМИРАЛ,,
адрес,АДРЕС,,
адресазулаб,АДРЕСНЫЙ,,
адресалда балагьизабизе,АДРЕСОВАТЬ,,
адресалда битIизе,АДРЕСОВАТЬ,,
адресат,АДРЕСАТ,,
адъютант,АДЪЮТАНТ,,
адыгав,АДЫГЕЕЦ,,
адыгазул,АДЫГЕЙСКИЙ,,
адыгазулаб,АДЫГЕЙСКИЙ,,
адыгай,АДЫГЕЙКА,,
адыгал,АДЫГЕЙЦЫ,,
ажур,АЖУР,,
азбука,АЗБУКА,,
азбукалъулаб,АЗБУЧНЫЙ,,
азербайжанав,АЗЕРБАЙДЖАНЕЦ,,
азербайжаназул,АЗЕРБАЙДЖАНСКИЙ,,
азербайжаназулаб,АЗЕРБАЙДЖАНСКИЙ,,
азербайжанай,АЗЕРБАЙДЖАНКА,,
азербайжанал,АЗЕРБАЙДЖАНЦЫ,,
азот,АЗОТ,,
азотияб,АЗОТНЫЙ,,
айран,АЙРАН,,
айсберг,АЙСБЕРГ,,
академик,АКАДЕМИК,,
академия,АКАДЕМИЯ,,
академиялъулаб,АКАДЕМИЧЕСКИЙ,,
акация,АКАЦИЯ,,
акваланг,АКВАЛАНГ,,
аквалангист,АКВАЛАНГИСТ,,
аквалангистка,АКВАЛАНГИСТКА,,
акванавт,АКВАНАВТ,,
акварелалъулаб,АКВАРЕЛЬНЫЙ,,
акварель,АКВАРЕЛЬ,,
аквариум,АКВАРИУМ,,
акватория,АКВАТОРИЯ,,
аккомпанемент,АККОМПАНЕМЕНТ,,
аккомпаниатор,АККОМПАНИАТОР,,
аккорд,АККОРД,,
аккордеон,АККОРДЕОН,,
аккордеонист,АККОРДЕОНИСТ,,
аккордеонистка,АККОРДЕОНИСТКА,,
аккордияб,АККОРДНЫЙ,,
аккредитив,АККРЕДИТИВ,,
аккредитивияб,АККРЕДИТИВНЫЙ,,
аккумулятор,АККУМУЛЯТОР,,
аккумуляторалъул,АККУМУЛЯТОРНЫЙ,,
акр,АКР,,
акробат,АКРОБАТ,,
акробатика,АКРОБАТИКА,,
акробатикаялъул,АКРОБАТИЧЕСКИЙ,,
акробатка,АКРОБАТКА,,
акрополь,АКРОПОЛЬ,,
акселератор,АКСЕЛЕРАТОР,,
аксиома,АКСИОМА,,
акт,АКТ,,
акт гьабизе,АКТВИРОВАТЬ,,
актер,АКТЁР,,
актерасулаб,АКТЁРСКИЙ,,
актерлъиялъулаб,АКТЁРСКИЙ,,
актив,АКТИВ,,
актив,АКТИВ,,
актиний,АКТИНИЙ,,
актриса,АКТРИСА,,
акула,АКУЛА,,
акулаялъул,АКУЛИЙ,,
акустика 1 гьаркьил хIакъалъулъ бугеб гIелму,АКУСТИКА,,
акустикияб,АКУСТИЧЕСКИЙ,,
акушерасул,АКУШЕРСКИЙ,,
акушерка,АКУШЕРКА,,
акушерлъи,АКУШЕРСТВО,,
акушерлъиялъулаб,АКУШЕРСКИЙ,,
акцент,АКЦЕНТ,,
акцент бугеб,АКЦЕНТНЫЙ,,
акценталъулаб,АКЦЕНТНЫЙ,,
акционер,АКЦИОНЕР,,
акционерияб,АКЦИОНЕРНЫЙ,,
акция,АКЦИЯ,,
акция,АКЦИЯ,,
акциязул бетIергьан,АКЦИОНЕР,,
акын,АКЫН,,
аланал некIсияб цIар,АЛАНЫ,,
албанияв,АЛБАНЕЦ,,
албаниязул,АЛБАНИЯЛЪУЛ,,
албанияй,АЛБАНКА,,
албаниял,АЛБАНЦЫ,,
алгебра,АЛГЕБРА,,
алгебраялъулаб,АЛГЕБРАИЧЕСКИЙ,,
алгоритм,АЛГОРИТМ,,
алебастр,АЛЕБАСТР,,
алебастралъул,АЛЕБАСТРОВЫЙ,,
алжирав,АЛЖИРЕЦ,,
алжирай жазаирай,АЛЖИРКА,,
алиби,АЛИБИ,,
алиментал,АЛИМЕНТЫ,,
алиф,АЛФАВИТ,,
алиф  букварь,АЗБУКА,,
алкалоид,АЛКАЛОИД,,
алкоголизм,АЛКОГОЛИЗМ,,
алкоголик,АЛКОГОЛИК,,
алкоголияб,АЛКОГОЛЬНЫЙ,,
алкоголь,АЛКОГОЛЬ,,
аллагьгьечI,АТЕИСТ,,
аллегория,АЛЛЕГОРИЯ,,
аллегория гъорлъ бугеб,АЛЛЕГОРИЧНЫЙ,,
аллергия,АЛЛЕРГИЯ,,
аллергиялъулаб,АЛЛЕРГИЧЕСКИЙ,,
аллея,АЛЛЕЯ,,
аллитерация,АЛЛИТЕРАЦИЯ,,
алло,АЛЛО,,
аллюр,АЛЛЮР,,
алмаз,АЛМАЗ,,
алмазалъулаб,АЛМАЗНЫЙ,,
алмас,АЛМАЗ,,
алогизм,АЛОГИЗМ,,
алоэ,АЛОЭ,,
алтаяв,АЛТАЕЦ,,
алтаяй,АЛТАЙКА,,
алтаял,АЛТАЙЦЫ,,
алтаялъулаб,АЛТАЙСКИЙ,,
алфавит,АЛФАВИТ,,
алфавиталъулаб,АЛФАВИТНЫЙ,,
алхимих,АЛХИМИК,,
алхимия,АЛХИМИЯ,,
алхинчIого,АККУРАТНО,,
алхунареб  узданаб,АККУРАТНЫЙ,,
альбатрос,АЛЬБАТРОС,,
альбом,АЛЬБОМ,,
альманах,АЛЬМАНАХ,,
альпинизм,АЛЬПИНИЗМ,,
альпинист,АЛЬПИНИСТ,,
альпинистазулаб,АЛЬПИНИСТСКИЙ,,
альпинистасулаб,АЛЬПИНИСТСКИЙ,,
альпинистка,АЛЬПИНИСТКА,,
альт дагьаб кIудияб гьелдаго релълъараб музыкаялъулаб алат,АЛЬТ,,
альтернатива,АЛЬТЕРНАТИВА,,
альтист,АЛЬТИСТ,,
альтруизм,АЛЬТРУИЗМ,,
альтруист,АЛЬТРУИСТ,,
альтруистияб,АЛЬТРУИСТИЧЕСКИЙ,,
альтруистка,АЛЬТРУИСТКА,,
альтчи,АЛЬТИСТ,,
альфа,АЛЬФА,,
алюминий,АЛЮМИНИЙ,,
алюминиялъул,АЛЮМИНИЕВЫЙ,,
амальгама,АМАЛЬГАМА,,
амбар,АМБАР,,
амбаралъул,АМБАРНЫЙ,,
амбразура,АМБРАЗУРА,,
амбулатория унтаразе дару гьабулеб учреждение,АМБУЛАТОРИЯ,,
амбулаториялъулаб,АМБУЛАТОРНЫЙ,,
амеба,АМЁБА,,
американав,АМЕРИКАНЕЦ,,
американазул,АМЕРИКАНСКИЙ,,
американай,АМЕРИКАНКА,,
американал,АМЕРИКАНЦЫ,,
америкаялъулаб,АМЕРИКАНСКИЙ,,
аметист,АМЕТИСТ,,
аметисталъул,АМЕТИСТОВЫЙ,,
амиак,АМИАК,,
амиакалъул,АМИАЧНЫЙ,,
амиакалъулаб,АМИАЧНЫЙ,,
амнистия,АМНИСТИЯ,,
амнистия гьаби,АМНИСТИРОВАНИЕ,,
амнистия гьабизе,АМНИСТИРОВАТЬ,,
амонал,АМОНАЛ,,
амоний,АМОНИЙ,,
амортизатор,АМОРТИЗАТОР,,
амортизация,АМОРТИЗАЦИЯ,,
амортизация гьабизе,АМОРТИЗИРОВАТЬ,,
амортизациялъулаб,АМОРТИЗАЦИОННЫЙ,,
аморфияб,АМОРФНЫЙ,,
аморфлъи,АМОРФНОСТЬ,,
ампер,АМПЕР,,
амперметр,АМПЕРМЕТР,,
ампир,АМПИР,,
амплитуда,АМПЛИТУДА,,
амплуа,АМПЛУА,,
ампула,АМПУЛА,,
ампутация гьабизе,АМПУТИРОВАТЬ,,
ампутация унтараб лага къотIун нахъе рехи,АМПУТАЦИЯ,,
ампутациялъул,АМПУТАЦИОННЫЙ,,
амфибия,АМФИБИЯ,,
амфибрахий,АМФИБРАХИЙ,,
амфитеатр,АМФИТЕАТР,,
анабиоз,АНАБИОЗ,,
анаграа,АНАГРАА,,
анализ,АНАЛИЗ,,
анализ гьабизе,АНАЛИЗИРОВАТЬ,,
анализ методалда рекъараб,АНАЛИТИЧЕСКИЙ,,
анализалъулаб,АНАЛИТИЧЕСКИЙ,,
аналитик,АНАЛИТИК,,
аналитикияб,АНАЛИТИЧЕСКИЙ,,
ананас,АНАНАС,,
ананасалъул,АНАНАСНЫЙ,,
ананасовый,АНАНАСНЫЙ,,
анапест,АНАПЕСТ,,
анархизм,АНАРХИЗМ,,
анархист,АНАРХИСТ,,
анархистазул,АНАРХИСТСКИЙ,,
анархистияб,АНАРХИСТСКИЙ,,
анархистка,АНАРХИСТКА,,
анархия,АНАРХИЯ,,
анархияб,АНАРХИЧНЫЙ,,
анархиялъулаб,АНАРХИЧЕСКИЙ,,
анатом,АНАТОМ,,
анатомия,АНАТОМИЯ,,
анатомиялъулаб,АНАТОМИЧЕСКИЙ,,
анахронизм,АНАХРОНИЗМ,,
ангар,АНГАР,,
ангидрид,АНГИДРИД,,
ангина,АНГИНА,,
анекдот,АНЕКДОТ,,
анекдотияб,АНЕКДОТИЧЕСКИЙ,,
анемия,АНЕМИЯ,,
анероид,АНЕРОИД,,
анестезиолог,АНЕСТЕЗИОЛОГ,,
анестезиология,АНЕСТЕЗИОЛОГИЯ,,
анестезия,АНЕСТЕЗИЯ,,
анестезия гьабизе,АНЕСТЕЗИРОВАТЬ,,
анилин,АНИЛИН,,
анилиналъул,АНИЛИНОВЫЙ,,
анималист,АНИМАЛИСТ,,
анимизм,АНИМИЗМ,,
анис,АНИС,,
анисалъул,АНИСОВЫЙ,,
анкаралъулаб,АНГОРСКИЙ,,
анкета,АНКЕТА,,
анкеталъулаб,АНКЕТНЫЙ,,
аннексионистияб,АННЕКСИОНИСТСКИЙ,,
аннексия,АННЕКСИЯ,,
аннексия гьабизе,АННЕКСИРОВАТЬ,,
аннотация,АННОТАЦИЯ,,
аннотация гьабизе,АННОТИРОВАТЬ,,
анод,АНОД,,
анодияб,АНОДНЫЙ,,
аномалия,АНОМАЛИЯ,,
аномалияб,АНОМАЛЬНЫЙ,,
аноним,АНОНИМ,,
анонимияб,АНОНИМНЫЙ,,
анонимка гъоркь цIар хъвачIеб кагъат,АНОНИМКА,,
анонс,АНОНС,,
ансамбль,АНСАМБЛЬ,,
антагонизм,АНТАГОНИЗМ,,
антагонизмалъулаб,АНТАГОНИСТИЧЕСКИЙ,,
антарктикаялъулаб,АНТАРКТИЧЕСКИЙ,,
антенна,АНТЕННА,,
антеннаялъул,АНТЕННЫЙ,,
антеннаялъулаб,АНТЕННЫЙ,,
антибиотикал,АНТИБИОТИКИ,,
антиквар,АНТИКВАР,,
антилопа,АНТИЛОПА,,
антисемит,АНТИСЕМИТ,,
антисемитизм,АНТИСЕМИТИЗМ,,
антисемитизмалъулаб,АНТИСЕМИТСКИЙ,,
антисемитияб,АНТИСЕМИТСКИЙ,,
антисемитлъи,АНТИСЕМИТИЗМ,,
антисептика,АНТИСЕПТИКА,,
антисептикияб,АНТИСЕПТИЧЕСКИЙ,,
антитеза,АНТИТЕЗА,,
антитезис,АНТИТЕЗИС,,
антитоксинал,АНТИТОКСИНЫ,,
антифриз,АНТИФРИЗ,,
антициклон,АНТИЦИКЛОН,,
античастица,АНТИЧАСТИЦА,,
антология,АНТОЛОГИЯ,,
антоним,АНТОНИМ,,
антоновка,АНТОНОВКА,,
антракт,АНТРАКТ,,
антрацит,АНТРАЦИТ,,
антрациталъул,АНТРАЦИТОВЫЙ,,
антресоли,АНТРЕСОЛИ,,
антрополог,АНТРОПОЛОГ,,
антропология,АНТРОПОЛОГИЯ,,
антропологиялъулаб,АНТРОПОЛОГИЧЕСКИЙ,,
антропоморфизм хасияталлъун рихьизари,АНТРОПОМОРФИЗМ,,
анфас,АНФАС,,
аншлаг,АНШЛАГ,,
аорта,АОРТА,,
апартеид,АПАРТЕИД,,
апатит,АПАТИТ,,
апатиталъулаб,АПАТИТОВЫЙ,,
апелляция  хитIаб,АПЕЛЛЯЦИЯ,,
апелляция гьабизе  к кому-чему хитIаб гьабизе,АПЕЛЛИРОВАТЬ,,
апелляция кьезе,АПЕЛЛИРОВАТЬ,,
апелляциялъулаб,АПЕЛЛЯЦИОННЫЙ,,
апельсин,АПЕЛЬСИН,,
апельсиналъул,АПЕЛЬСИННЫЙ,,
апельсиновый,АПЕЛЬСИННЫЙ,,
апломб,АПЛОМБ,,
апогей  завал,АПОГЕЙ,,
апологет,АПОЛОГЕТ,,
апоплексия,АПОПЛЕКСИЯ,,
апоплексиялда бухьараб,АПОПЛЕКСИЧЕСКИЙ,,
апоплексиялъул,АПОПЛЕКСИЧЕСКИЙ,,
апостроф,АПОСТРОФ,,
апофеоз цIакъго машгьурлъизаби,АПОФЕОЗ,,
аппарат,АППАРАТ,,
аппаратал,АППАРАТУРА,,
аппараталъулаб  ~ая,АППАРАТНЫЙ,,
аппаратная,АППАРАТНЫЙ,,
аппаратура,АППАРАТУРА,,
аппендикс,АППЕНДИКС,,
аппендицит,АППЕНДИЦИТ,,
аппликация,АППЛИКАЦИЯ,,
апрелалъул,АПРЕЛЬСКИЙ,,
апрелалъулаб,АПРЕЛЬСКИЙ,,
апрель,АПРЕЛЬ,,
априори,АПРИОРИ,,
априорияб,АПРИОРНЫЙ,,
апробация,АПРОБАЦИЯ,,
аптека,АПТЕКА,,
аптекарь,АПТЕКАРЬ,,
аптекаялъулаб,АПТЕКАРСКИЙ,,
аптечка,АПТЕЧКА,,
аранжировка гьабизе,АРАНЖИРОВАТЬ,,
аранжировка цогидал алатаз бачине рекъезаби,АРАНЖИРОВКА,,
арапник,АРАПНИК,,
арахис,АРАХИС,,
арахисалъул,АРАХИСОВЫЙ,,
арбитр,АРБИТР,,
арбитраж,АРБИТРАЖ,,
арбитражалъулаб,АРБИТРАЖНЫЙ,,
аргон,АРГОН,,
аргъан,БАЯН,,
аргъан хъвалев чи,БАЯНИСТ,,
аргъанчи,БАЯНИСТ,,
арена,АРЕНА,,
ареометр,АРЕОМЕТР,,
арестовать,АРЕСТОВЫВАТЬ,,
аристократ,АРИСТОКРАТ,,
аристократазе хасиятаб хьвада-чIвади,АРИСТОКРАТИЗМ,,
аристократазулаб,АРИСТОКРАТИЧЕСКИЙ,,
аристократия,АРИСТОКРАТИЯ,,
аристократияб,АРИСТОКРАТИЧЕСКИЙ,,
аристократка,АРИСТОКРАТКА,,
арифметика,АРИФМЕТИКА,,
арифметикаялъул,АРИФМЕТИЧЕСКИЙ,,
арифмометр,АРИФМОМЕТР,,
ария,АРИЯ,,
аркан,АРКАН,,
арктикаялъул,АРКТИЧЕСКИЙ,,
арматура,АРМАТУРА,,
арматураялъул,АРМАТУРНЫЙ,,
арматурщик,АРМАТУРЩИК,,
армеец,АРМЕЕЦ,,
армия,АРМИЯ,,
армиялъул,АРМЕЙСКИЙ,,
ароматичный,АРОМАТИЧЕСКИЙ,,
ароматный,АРОМАТИЧЕСКИЙ,,
арсенал,АРСЕНАЛ,,
артезиан,АРТЕЗИАНСКИЙ,,
артезианалъулаб,АРТЕЗИАНСКИЙ,,
артелалъулаб,АРТЕЛЬНЫЙ,,
артель,АРТЕЛЬ,,
артериосклероз,АРТЕРИОСКЛЕРОЗ,,
артерия  улкаялъе цIикIкIун кIвар бугел нухал,АРТЕРИЯ,,
артериялъулаб,АРТЕРИАЛЬНЫЙ,,
артикуляция,АРТИКУЛЯЦИЯ,,
артиллерист,АРТИЛЛЕРИСТ,,
артиллерия,АРТИЛЛЕРИЯ,,
артиллериялда вугев рагъухъан,АРТИЛЛЕРИСТ,,
артиллериялъулаб,АРТИЛЛЕРИЙСКИЙ,,
артист  махщелчи,АРТИСТ,,
артистасулаб  махщалилаб,АРТИСТИЧЕСКИЙ,,
артистка,АРТИСТКА,,
арфа,АРФА,,
арфистка,АРФИСТКА,,
архаизм,АРХАИЗМ,,
археолог,АРХЕОЛОГ,,
археология,АРХЕОЛОГИЯ,,
археологиялъулаб,АРХЕОЛОГИЧЕСКИЙ,,
архив,АРХИВ,,
архивалъул,АРХИВНЫЙ,,
архивалъулаб,АРХИВНЫЙ,,
архивариус,АРХИВАРИУС,,
архивист,АРХИВИСТ,,
архиепископ,АРХИЕПИСКОП,,
архиерей,АРХИЕРЕЙ,,
архимандрит,АРХИМАНДРИТ,,
архипелаг,АРХИПЕЛАГ,,
архитектор,АРХИТЕКТОР,,
архитектура,АРХИТЕКТУРА,,
архитектурияб,АРХИТЕКТУРНЫЙ,,
арьергард,АРЬЕРГАРД,,
арьергардалъул,АРЬЕРГАРДНЫЙ,,
арьергардалъулаб,АРЬЕРГАРДНЫЙ,,
асбест,АСБЕСТ,,
асбесталъул,АСБЕСТОВЫЙ,,
асиетричный,АСИЕТРИЧЕСКИЙ,,
асиетрия,АСИЕТРИЯ,,
аскар,АРМИЯ,,
аскарида,АСКАРИДА,,
аскарияб,АРМЕЙСКИЙ,,
аскарияв,АРМЕЕЦ,,
аскет,АСКЕТ,,
аскетасулаб,АСКЕТИЧЕСКИЙ,,
аскетизм,АСКЕТИЗМ,,
аскетлъи,АСКЕТИЗМ,,
аскетлъиялъулаб,АСКЕТИЧЕСКИЙ,,
аслияб,БАЗОВЫЙ,,
аслияб,БАЗИСНЫЙ,,
аслуяб,БАЗИСНЫЙ,,
аслуяб,БАЗОВЫЙ,,
аспект,АСПЕКТ,,
аспид,АСПИД,,
аспирант,АСПИРАНТ,,
аспирантка,АСПИРАНТКА,,
аспирантура,АСПИРАНТУРА,,
аспирин,АСПИРИ Н,,
ассамблея,АССАМБЛЕЯ,,
ассенизатор,АССЕНИЗАТОР,,
ассенизация,АССЕНИЗАЦИЯ,,
ассенизациялъулаб,АССЕНИЗАЦИОННЫЙ,,
ассигнация,АССИГНАЦИЯ,,
ассимиляция,АССИМИЛЯЦИЯ,,
ассистент,АССИСТЕНТ,,
ассистентасул,АССИСТЕНТСКИЙ,,
ассистентасулаб,АССИСТЕНТСКИЙ,,
ассистентка,АССИСТЕНТКА,,
ассортимент,АССОРТИМЕНТ,,
ассоциация,АССОЦИАЦИЯ,,
астения,АСТЕНИЯ,,
астероид,АСТЕРОИД,,
астигматизм,АСТИГМАТИЗМ,,
астма,АСТМА,,
астмаялъулаб,АСТМАТИЧЕСКИЙ,,
астра,АСТРА,,
астролог,АСТРОЛОГ,,
астрология,АСТРОЛОГИЯ,,
астронавт,АСТРОНАВТ,,
астронавтика,АСТРОНАВТИКА,,
астроном,АСТРОНОМ,,
астрономия,АСТРОНОМИЯ,,
астрономиялъулаб,АСТРОНОМИЧЕСКИЙ,,
астрофизик,АСТРОФИЗИК,,
астрофизика,АСТРОФИЗИКА,,
астрофизикияб,АСТРОФИЗИЧЕСКИЙ,,
асфальт,АСФАЛЬТ,,
асфальт тIезе,АСФАЛЬТИРОВАТЬ,,
асфальт тIей,АСФАЛЬТИРОВАНИЕ,,
асфальталъул,АСФАЛЬТОВЫЙ,,
асфальталъулаб,АСФАЛЬТОВЫЙ,,
атавизм,АТАВИЗМ,,
атавизмалъулаб,АТАВИСТИЧЕСКИЙ,,
атаман  хъачагъазул бетIер,АТАМАН,,
атеизм,АТЕИЗМ,,
атеизмалъулаб,АТЕИСТИЧЕСКИЙ,,
атеист,АТЕИСТ,,
атеистияб,АТЕИСТИЧЕСКИЙ,,
ателье,АТЕЛЬЕ,,
атлас,АТЛАС,,
атлет,АТЛЕТ,,
атлетасулаб,АТЛЕТИЧЕСКИЙ,,
атлетика,АТЛЕТИКА,,
атлетикияб,АТЛЕТИЧЕСКИЙ,,
атмосфера гьава  атмосфера,АТМОСФЕРА,,
атмосфераялъул,АТМОСФЕРНЫЙ,,
атолл,АТОЛЛ,,
атом,АТОМ,,
атомалъул,АТОМНЫЙ,,
атомалъулаб,АТОМНЫЙ,,
атомияб,АТОМНЫЙ,,
атомник,АТОМНИК,,
атомоход,АТОМОХОД,,
атомчи,АТОМЩИК,,
атомчи,АТОМНИК,,
атомщик,АТОМЩИК,,
атрибут,АТРИБУТ,,
атрибутияб,АТРИБУТИВНЫЙ,,
атрофия,АТРОФИЯ,,
атташе,АТТАШЕ,,
аттестат,АТТЕСТАТ,,
аттестация,АТТЕСТАЦИЯ,,
аттестация гьабизе,АТТЕСТОВАТЬ,,
аттестациялъулаб,АТТЕСТАЦИОННЫЙ,,
аттракцион,АТТРАКЦИОН,,
аудитория,АУДИТОРИЯ,,
аукцион,АУКЦИОН,,
аукционияб,АУКЦИОННЫЙ,,
афганав,АФГАНЕЦ,,
афганазул,АФГАНСКИЙ,,
афганазулаб,АФГАНСКИЙ,,
афганай,АФГАНКА,,
афганал,АФГАНЦЫ,,
афиша,АФИША,,
афоризм,АФОРИЗМ,,
африканав,АФРИКАНЕЦ,,
африканай,АФРИКАНКА,,
африканал,АФРИКАНЦЫ,,
африкаялъулаб,АФРИКАНСКИЙ,,
аффикс,АФФИКС,,
ахбазан,АБРИКОС,,
ахбазаналъул,АБРИКОСНЫЙ,,
ахIи базе,АУКАТЬ,,
ахIмакъ,БАЛДА,,
аххакь,БАРДА,,
ацетилен,АЦЕТИЛЕН,,
ацетиленалъул,АЦЕТИЛЕНОВЫЙ,,
ацетон,АЦЕТОН,,
ацетоналъул,АЦЕТОНОВЫЙ,,
ашуг,АШУГ,,
аэровокзал,АЭРОВОКЗАЛ,,
аэродинамика,АЭРОДИНАМИКА,,
аэродинамикияб,АЭРОДИНАМИЧЕСКИЙ,,
аэродром,АЭРОДРОМ,,
аэродромалъул,АЭРОДРОМНЫЙ,,
аэродромалъулаб,АЭРОДРОМНЫЙ,,
аэроклуб,АЭРОКЛУБ,,
аэрология,АЭРОЛОГИЯ,,
аэрологияб,АЭРОЛОГИЧЕСКИЙ,,
аэронавигация,АЭРОНАВИГАЦИЯ,,
аэронавт,АЭРОНАВТ,,
аэронавтика,АЭРОНАВТИКА,,
аэроплан,АЭРОПЛАН,,
аэропорт,АЭРОПОРТ,,
аэропорт,АЭРО-,,
аэросани,АЭРОСАНИ,,
аэростат,АЭРОСТАТ,,
аэросъемка,АЭРОСЪЁМКА,,
аэрочанагъал,АЭРОСАНИ,,
баббит,БАББИТ,,
баббиталъул,БАББИТОВЫЙ,,
баббиталъулаб,БАББИТОВЫЙ,,
багаж,БАГАЖ,,
багажалъул,БАГАЖНЫЙ,,
багажник,БАГАЖНИК,,
багет,БАГЕТ,,
багIараб,БАГРОВЫЙ,,
багIарлъизе,БАГРОВЕТЬ,,
багульник,БАГУЛЬНИК,,
багьадур,БАТЫР,,
бадиржан,БАКЛАЖАН,,
бадиржаналъул,БАКЛАЖАННЫЙ,,
бадминтон,БАДМИНТОН,,
база,БАЗИС,,
базальт,БАЗАЛЬТ,,
базальталъул,БАЗАЛЬТОВЫЙ,,
базар,БАЗАР,,
базаралъул,БАЗАРНЫЙ,,
базис,БАЗИС,,
бай,БАЙ,,
байдарка,БАЙДАРКА,,
байка,БАЙКА,,
бак,БАК,,
бак рахъ,БАК,,
бакен,БАКЕН,,
бакеназул хал гьабулев чи,БАКЕНЩИК,,
бакенбардал,БАКЕНБАРДЫ,,
баклажан,БАКЛАЖАН,,
баклажаналъул,БАКЛАЖАННЫЙ,,
бактериолог,БАКТЕРИОЛОГ,,
бактериология,БАКТЕРИОЛОГИЯ,,
бактериологиялъулаб,БАКТЕРИОЛОГИЧЕСКИЙ,,
бактерицид,БАКТЕРИЦИД,,
бактерия,БАКТЕРИЯ,,
бактерия хвезабулеб,БАКТЕРИЦИДНЫЙ,,
бактерия чIвалеб,БАКТЕРИЦИДНЫЙ,,
бактериялъулаб,БАКТЕРИАЛЬНЫЙ,,
бакIари,АККУМУЛЯЦИЯ,,
бакIаризе,АККУМУЛИРОВАТЬ,,
бакьуч,БАРСУК,,
бакьучил,БАРСУЧИЙ,,
бакъал бичулеб,БАКАЛЕЙНЫЙ,,
бакъалалъул,БАКАЛЕЙНЫЙ,,
бакъалалъул къайи,БАКАЛЕЯ,,
бакъвазе,АТРОФИРОВАТЬСЯ,,
бакъвай,АТРОФИЯ,,
бакъван ине,АТРОФИРОВАТЬСЯ,,
бакъвараб,АТРОФИРОВАННЫЙ,,
бал,БАЛ,,
балаган,БАЛАГАН,,
балалайка  гIемер гаргадулев чи,БАЛАЛАЙКА,,
балалайкачи,БАЛАЛАЕЧНИК,,
балалъулаб,БАЛЬНЫЙ,,
баланс,БАЛАНС,,
балансалъулаб,БАЛАНСОВЫЙ,,
балерина,БАЛЕРИНА,,
балет,БАЛЕТ,,
балеталъул,БАЛЕТНЫЙ,,
балеталъулаб,БАЛЕТНЫЙ,,
балетмейстер,БАЛЕТМЕСТЕР,,
балики,АВОСЬ,,
балкарав,БАЛКАРЕЦ,,
балкаразул,БАЛКАРСКИЙ,,
балкарай,БАЛКАРКА,,
балкарал,БАЛКАРЦЫ,,
балкон,БАЛКОН,,
балконалъул,БАЛКОННЫЙ,,
балконалъулаб,БАЛКОННЫЙ,,
балл,БАЛЛ,,
баллада,БАЛЛАДА,,
балласт,БАЛЛАСТ,,
баллистика,БАЛЛИСТИКА,,
баллон,БАЛЛОН,,
балык,БАЛЫК,,
бальзам,БАЛЬЗАМ,,
бальнеолог,БАЛЬНЕОЛОГ,,
бальнеология,БАЛЬНЕОЛОГИЯ,,
бальнеологиялъулаб,БАЛЬНЕОЛОГИЧЕСКИЙ,,
балюстрада,БАЛЮСТРАДА,,
балъ,АДАТ,,
бамбук,БАМБУК,,
бамбукалъул гьабураб,БАМБУКОВЫЙ,,
бамбукалъулаб,БАМБУКОВЫЙ,,
бампер,БАМПЕР,,
бана,БАЦ,,
банан,БАНАН,,
бананалъул,БАНАНОВЫЙ,,
бананалъулаб,БАНАНОВЫЙ,,
банда,БАНДА,,
бандаж,БАНДАЖ,,
бандазулаб,БАНДИТСКИЙ,,
бандал,БАНДА,,
бандаялъул гIахьалъи,БАНДИТ,,
бандероль,БАНДЕРОЛЬ,,
бандит,БАНДИТ,,
бандит,БАСМАЧ,,
бандитлъи,БАНДИТИЗМ,,
бандура,БАНДУРА,,
бандурачи,БАНДУРИСТ,,
бандурист,БАНДУРИСТ,,
банк,БАНК,,
банка,БАНКА,,
банка,БАНКА,,
банка,БАНКА,,
банкалъул,БАНКОВСКИЙ,,
банкалъул,БАНКОВЫЙ,,
банкалъулаб,БАНКОВЫЙ,,
банкалъулаб,БАНКОВСКИЙ,,
банкет,БАНКЕТ,,
банкир,БАНКИР,,
банкиразулаб,БАНКИРСКИЙ,,
банкнот,БАНКНОТ,,
банкрот,БАНКРОТ,,
банкротлъи,БАНКРОТСТВО,,
бант,БАНТ,,
баня,БАНЯ,,
бар,БАР,,
бар,БАР,,
барак,БАРАК,,
барельеф,БАРЕЛЬЕФ,,
барельефалъулаб,БАРЕЛЬЕФНЫЙ,,
барельефияб,БАРЕЛЬЕФНЫЙ,,
баржа,БАРЖА,,
барий,БАРИЙ,,
барин  чIегIер хIалтIуда квер хъваларев чи,БАРИН,,
баринасул,БАРСКИЙ,,
баринасулаб,БАРСКИЙ,,
баринлъи,БАРСТВО,,
баритон,БАРИТОН,,
баркас,БАРКАС,,
барокко,БАРОККО,,
барометр,БАРОМЕТР,,
барометралъул,БАРОМЕТРИЧЕСКИЙ,,
барон,БАРОН,,
баронесса,БАРОНЕССА,,
баррикада,БАРРИКАДА,,
баррикадаялъулаб,БАРРИКАДНЫЙ,,
барщина,БАРЩИНА,,
барщинаялъулаб,БАРЩИННЫЙ,,
барыня  барыня,БАРЫНЯ,,
барышня  гIолохъанай яс,БАРЫШНЯ,,
барьер  квалквал,БАРЬЕР,,
бас,БАС,,
баскетбол,БАСКЕТБОЛ,,
баскетболалъул,БАСКЕТБОЛЬНЫЙ,,
баскетболист,БАСКЕТБОЛИСТ,,
баскетболистка,БАСКЕТБОЛИСТКА,,
басмач,БАСМАЧ,,
басня  ургъун бахъараб хабар,БАСНЯ,,
баснябазул автор,БАСНОПИСЕЦ,,
басняби хъвалев чи,БАСНОПИСЕЦ,,
басралъараб,АРХАИЧЕСКИЙ,,
басралъараб,АРХАИЧНЫЙ,,
басралъараб ретIел-хьит,БАРАХЛО,,
бастион,БАСТИОН,,
баталист,БАТАЛИСТ,,
батальон,БАТАЛЬОН,,
батальоналъул,БАТАЛЬОННЫЙ,,
батарея  батарея,БАТАРЕЯ,,
батареялъул,БАТАРЕЙНЫЙ,,
батискаф,БАТИСКАФ,,
батист,БАТИСТ,,
батисталъул,БАТИСТОВЫЙ,,
батисфера,БАТИСФЕРА,,
батон,БАТОН,,
батрак,БАТРАК,,
батраказул,БАТРАЦКИЙ,,
батраказулаб,БАТРАЦКИЙ,,
батракай,БАТРАЧКА,,
батраклъи,БАТРАЧЕСТВО,,
батраклъи гьабизе,БАТРАЧИТЬ,,
батрачка,БАТРАЧКА,,
баттерфляй,БАТТЕРФЛЯЙ,,
батIаго тIадчIей гьабизе,АКЦЕНТИРОВАТЬ,,
батIалъи гьечIолъи,АПАТИЯ,,
батут,БАТУТ,,
баул,БАУЛ,,
бахнуть,БАХАТЬ,,
бахча,БАХЧА,,
бахчачи,БАХЧЕВОД,,
бахчачилъи,БАХЧЕВОДСТВО,,
бацилла,БАЦИЛЛА,,
бациллаби ругеб хIайван,БАЦИЛЛОНОСИТЕЛЬ,,
бацIцIадаб,АККУРАТНЫЙ,,
башкирав,БАШКИР,,
башкиразул,БАШКИРСКИЙ,,
башкирай,БАШКИРКА,,
башкирал,БАШКИРЫ,,
башлихъ,БАШЛЫК,,
башмакъ  -д. башмакъ,БАШМАК,,
баянаб гуреб куцалъ сундулниги пикру гьабизе,АБСТРАГИРОВАТЬ,,
баянаб гуреб куцалъ сундулниги пикру гьабиялде машгъуллъизе,АБСТРАГИИРОВАТСЯ,,
бер бахилаб,АЛЧНЫЙ,,
бер бахиллъи,АЛЧНОСТЬ,,
бер гIорцIулареб,АЛЧНЫЙ,,
бер гIорцIунгутIи,АЛЧНОСТЬ,,
бербалагьи,АСПЕКТ,,
берцинаб,АККУРАТНЫЙ,,
берцинлъи,АККУРАТНОСТЬ,,
берцинмахI,АРОМАТ,,
бетIер,БАШКА,,
бетIер,АДМИНИСТРАТОР,,
бетIер бугев,БАШКОВИТЫЙ,,
бецци,АПОФЕОЗ,,
би дагьаб,АНЕМИЧНЫЙ,,
би дагьлъи,АНЕМИЯ,,
бигъараб мучари  анис,АНИС,,
бика,БАРЫНЯ,,
билбагIараб,АЛЫЙ,,
билбагIараб,БАГРЯНЫЙ,,
билбагIараб,БАГРОВЫЙ,,
билбагIараб кьер,БАГРЯНЕЦ,,
билбагIарлъизе,АЛЕТЬ,,
билбагIарлъизе,БАГРОВЕТЬ,,
био антиген,АНТИГЕН,,
био антитела,АНТИТЕЛА,,
биххизе,АНАЛИЗИРОВАТЬ,,
бичи,АУКЦИОН,,
бичIчIи бугев,БАШКОВИТЫЙ,,
бичIчIигьечI,БАЛБЕС,,
бичулеб,АУКЦИОННЫЙ,,
бичулеб,АУКЦИОННЫЙ,,
бищунго загIипаб бакI,АХИЛЛЕСОВ,,
божилареб гIадаб,БАСНОСЛОВНЫЙ,,
божилъи,АВТОРИТЕТ,,
бокьухъе виччан тарав,БАЛОВЕНЬ,,
борж,БАШНЯ,,
борхалъи,АПОГЕЙ,,
бошлъи,БАНАЛЬНОСТЬ,,
бурдабазул хьури,БАЛЮСТРАДА,,
бурди ккураб хьури,БАЛЮСТРАДА,,
вабабай,АХ,,
вакил гьавизе,АККРЕДИТОВАТЬ,,
валалай,АХ,,
ватIан бокьиялда данде чIараб,АНТИПАТРИОТИЧЕСКИЙ,,
вахI,АХ,,
вахI бачине  агь,АХАТЬ,,
вегухъе хьвагIезе,БАРАХТАТЬСЯ,,
веццарухъан,БАХВАЛ,,
воржарухъан,АЭРОНАВТ,,
вортичIого къаркъала битIун кквезе,БАЛАНСИРОВАТЬ,,
газ тайпаялъул жалазул тIадецуялъул роцен  ахIвал-хIал: в ~е дружбы гьудуллъиялъул ахIвал-хIалалда,АТМОСФЕРА,,
гамил тIолабго команда хехаб хIалтIи гьабизе данде ахIи,АВРАЛ,,
гвай бан,АВРАЛЬНЫЙ,,
гогьав,БАЛОВНИК,,
гогьай,БАЛОВНИЦА,,
гогьдаризави  гогьдари,БАЛОВСТВО,,
гогьдаризавурав,БАЛОВЕНЬ,,
гогьдаризавурав,БАЛОВАННЫЙ,,
гогьдаризе,БАЛОВАТЬСЯ,,
гогьдарулев чи,БАЛОВНИК,,
гогьдарулей яс,БАЛОВНИЦА,,
гогьма,БАЛОВНИК,,
гогьма,БАЛОВНИЦА,,
гомоглъи,БАЛКА,,
гIабурикI,АБРЕК,,
гIадаб,АНЕКДОТИЧЕСКИЙ,,
гIадат,АДАТ,,
гIакълу бугев,БАШКОВИТЫЙ,,
гIакълугьечI,БАЛДА,,
гIалу,БАБКА,,
гIамал гьабулареблъун рикIкIине,АННУЛИРОВАТЬ,,
гIамал-тIабигIат,АРИСТОКРАТИЗМ,,
гIамалал данде кколарел чагIи,АНТИПОДЫ,,
гIамбар,АМБРА,,
гIандадерил,АНДИЙСКИЙ,,
гIандал,АНДИЙЦЫ,,
гIандисев,АНДИЕЦ,,
гIандисей,АНДИЙКА,,
гIантав чи,БАЛДА,,
гIантIикIачи,АНТИКВАР,,
гIараб,АРАБСКИЙ,,
гIарабалъул,АРАБСКИЙ,,
гIарабист,АРАБИСТ,,
гIарабистика,АРАБИСТИКА,,
гIарабияв,АРАБ,,
гIарабиязул,АРАБСКИЙ,,
гIарабияй,АРАБКА,,
гIарабиял,АРАБЫ,,
гIарада бай,АРТОБСТРЕЛ,,
гIарадаби кьвагьи,АРТОБСТРЕЛ,,
гIарадачи,АРТИЛЛЕРИСТ,,
гIарац биччазе,АССИГНОВАТЬ,,
гIарац биччай  биччараб гIарац,АССИГНОВАНИЕ,,
гIарац яги къайи-матахI битIи ритIухъ гьабураб кагъат,АВИЗО,,
гIаршун,АРШИН,,
гIаршун халалъи бугеб,АРШИННЫЙ,,
гIаршуналъул,АРШИННЫЙ,,
гIатIидаб,БАЛАХОН,,
гIатIлас,АТЛАС,,
гIатIласалъул,АТЛАСНЫЙ,,
гIахьалаб,АРТЕЛЬНЫЙ,,
гIела,БАСТА,,
гIелмуялда данде чIараб,АНТИНАУЧНЫЙ,,
гIер  балансир,БАЛАНСИР,,
гIисинпихъ,АЛЫЧА,,
гIисинпихъалъул,АЛЫЧОВЫЙ,,
гIиял,БАРАНИЙ,,
гIиял гьан,БАРАНИНА,,
гIужда,АККУРАТНО,,
гIужда гьабулеб,АККУРАТНЫЙ,,
гIурусазул некIсияб 3 капекалъул монета,АЛТЫН,,
гъалмагъал,БАТАЛИЯ,,
гъанцIа,БАГОР,,
гъачагъ,БАСМАЧ,,
гъира гьечIолъи,АПАТИЯ,,
гъира ккезабулеб,АППЕТИТНЫЙ,,
гъира-шавкъ,АЗАРТ,,
гъира-шавкъалда,АЗАРТНО,,
гьабсагIат къваригIараблъун,АКТУАЛЬНОСТЬ,,
гьава-бакъалда,АККЛИМАТИЗИРОВАТЬ,,
гьава-бакъалда,АККЛИМАТИЗИРОВАТЬСЯ,,
гьайикал,АМУЛЕТ,,
гьаркьие лъезе,БАЛЛОТИРОВАТЬ,,
гьаркьие лъей,БАЛЛОТИРОВКА,,
гьаркьие лъуравлъун вукIине,БАЛЛОТИРОВАТЬСЯ,,
гьединабго,АНАЛОГИЧНЫЙ,,
гьединго аллагьасул инсанасулго гIадаб сипат-сурат гьаби,АНТРОПОМОРФИЗМ,,
гьезул системабазулъ лъугьунел физикиял хиса-басиязул,АСТРОФИЗИКА,,
гьей,АУ,,
гьей абун ахIдезе,АУКАТЬ,,
гьекъолел жал ричулеб бакIалъул бетIергьан,БАРМЕН,,
гьелъие гьунар бугев чи,АРТИСТ,,
гьесизавизе,АГИТИРОВАТЬ,,
гьецIокъ,БАБА,,
гьецIокъ,БАЛДА,,
гьодорлъи,БАНАЛЬНОСТЬ,,
гьоко,АРБА,,
гьоркьоблъи бигъинабулев чи,БАЛАМУТ,,
гьудуллъиялда,АТМОСФЕРА,,
гьужум,АТАКА,,
гьужум гьабизе,АТАКОВАТЬ,,
гьуинмахI,АМБРА,,
гьуинмахI,АРОМАТ,,
гьуинмахIаб,АРОМАТИЧЕСКИЙ,,
гьунаргьечI,БАЛБЕС,,
дагьавги хIаракатавлъун лъугьине,АКТИВИЗИРОВАТЬСЯ,,
далил  аргумент,АРГУМЕНТ,,
далил бачин,АРГУМЕНТАЦИЯ,,
далил бачун бихьизабизе,АРГУМЕНТИРОВАТЬ,,
данд рекъон кколеб,АДЕКВАТНЫЙ,,
дандбараб,АРТЕЛЬНЫЙ,,
данде битIун кколеб,АНАЛОГИЧНЫЙ,,
данде чIезе  разилъунгутIизе,АРТАЧИТЬСЯ,,
дараби гьарун,БАЛЬЗАМИРОВАТЬ,,
даран гьабулеб идараялъ гIарац хIалтIизабиялда хадуб хал кквей,АУДИТ,,
дахIабаба,БАБУШКА,,
дванк  дванкана,БАЦ,,
дваргъ,БАХ,,
демократиялда данде чIараб,АНТИДЕМОКРАТИЧЕСКИЙ,,
диналда данде чIараб,АНТИРЕЛИГИОЗНЫЙ,,
дурусаб,АККУРАТНЫЙ,,
дуруслъи,АККУРАТНОСТЬ,,
жагъаллъизе,БАРАХЛИТЬ,,
жазаирав,АЛЖИРЕЦ,,
жайран,АНТИЛОПА,,
жанив тIами,АРЕСТ,,
жанив тIамизе,АРЕСТОВАТЬ,,
жанив тIамурав,АРЕСТОВАННЫЙ,,
жаний тIамурай гIадан,АРЕСТАНТКА,,
жанире раккизе,АНАТОМИРОВАТЬ,,
жибго жиндаго чIараб,АВТОНОМНЫЙ,,
жибго жиндасанго хIалтIизабизе,АВТОМАТИЗИРОВАТЬ,,
жибго жиндасанго хIалтIулеблъун гьаби,АВТОМАТИЗАЦИЯ,,
жив вищулевлъун вукIине,БАЛЛОТИРОВАТЬСЯ,,
живго ун яги кагъат хъван,АДРЕСОВАТЬСЯ,,
жигар бахъун,АКТИВНО,,
жигараб,АКТИВНЫЙ,,
жигаралда,АКТИВНО,,
жигарлъи,АКТИВНОСТЬ,,
жигарчилъи,АКТИВНОСТЬ,,
жиндаго релълъинаби  ассимиляция,АССИМИЛЯЦИЯ,,
жиндаго релълъинабизе,АССИМИЛИРОВАТЬ,,
жинде кагъат,АДРЕСАТ,,
жиндир заманалда,АККУРАТНО,,
жугьутIалрих,АНТИСЕМИТ,,
жужа-кукараб,АЛЯПОВАТЫЙ,,
жужахI  гIазаб-гIакъуба,АД,,
жужахIалъул  кутакаб,АДСКИЙ,,
забастовка гьабизе,БАСТОВАТЬ,,
зазитIегь,АЛОЭ,,
зазтIегь,АЛОЭ,,
ижара,АРЕНДА,,
ижарадул,АРЕНДНЫЙ,,
ижарачи,АРЕНДАТОР,,
ижараялъ босизе,АРЕНДОВАТЬ,,
ижараялъе кьей,АРЕНДА,,
ижараялъул,АРЕНДНЫЙ,,
измур,БАЙКА,,
измур гIадаб,БАЙКОВЫЙ,,
измуралъулаб,БАЙКОВЫЙ,,
империализмалда данде чIараб,АНТИИМПЕРИАЛИСТИ ЧЕСКИЙ,,
ингилисав,АНГЛИЧАНИН,,
ингилисазулаб,АНГЛИЙСКИЙ,,
ингилисай,АНГЛИЧАНКА,,
ингилисал,АНГЛИЧАНЕ,,
ирга щвараблъун букIин,АКТУАЛЬНОСТЬ,,
искусствоялде машгъулав чи,АРТИСТ,,
историялда данде кколареб,АНТИИСТОРИЧЕСКИЙ,,
историялда данде чIараб,АНТИИСТОРИЧЕСКИЙ,,
историялда рекъолареб,АНТИИСТОРИЧЕСКИЙ,,
ихтилат гьабизе,БАЛАГУРИТЬ,,
ихтилатчи,БАЛАГУР,,
ицидул,АНТРАЦИТОВЫЙ,,
кагъатгIарац,АССИГНАЦИЯ,,
канчIбагIараб,АЛЫЙ,,
канчIбагIарлъизе  билбагIарлъун бихьизе,АЛЕТЬ,,
канчIбагIарлъун бихьизе,АЛЕТЬ,,
картIахараб,АЖУРНЫЙ,,
кваниде гъира,АППЕТИТ,,
кваниде хьул,АППЕТИТ,,
кваридасан хьвадулев чи,БАЛАНСЁР,,
квекIен,БАРЬЕР,,
квен,БАЛКА,,
квен бокьи,АППЕТИТ,,
кверхъахI,БАРИН,,
квешаб,АГРЕССИВНОСТЬ,,
кем-чем веццаризе,БАХВАЛИТЬСЯ,,
кем-чем хурхен лъугьине,АССОЦИИРОВАТЬСЯ,,
киназдаго лъалеб,БАНАЛЬНЫЙ,,
киналго тIаделъун,АВРАЛЬНЫЙ,,
кого ахх бачине,БАЮКАТЬ,,
кого гогьдаризавизе  баловаться,БАЛОВАТЬ,,
колониализмалда данде чIараб,АНТИКОЛОНИАЛЬНЫЙ,,
кому ассистентлъи гьабизе,АССИСТИРОВАТЬ,,
космонавт,АСТРОНАВТ,,
космонавтика,АСТРОНАВТИКА,,
коунизмалда данде чIараб,АНТИКОУНИСТИЧЕСКИЙ,,
кочIода яги кьурдиялда цадахъ музыка бачине,АККОМПАНИРОВАТЬ,,
кризисалда данде бугеб,АНТИКРИЗИСНЫЙ,,
кIалкIучI,БАБОЧКА,,
кIамури  гъапу,АРКА,,
кIвар бугеблъун,АКТУАЛЬНОСТЬ,,
кIибикьизабураб мегеж,БАКЕНБАРДЫ,,
кIодо,БАБКА,,
кIодо,БАБУШКА,,
кIолкIона,АЛЫЧА,,
кIолкIонадул,АЛЫЧОВЫЙ,,
кIоркIони,АЛЫЧА,,
кIоркIонидул,АЛЫЧОВЫЙ,,
кIотин,АНЕСТЕЗИЯ,,
кIотинабизе,АНЕСТЕЗИРОВАТЬ,,
кIудияб махщалида гьабулеб,АРТИСТИЧЕСКИЙ,,
кIудияв кашиш,АРХИЕПИСКОП,,
кIудияй эбел,БАБУШКА,,
куй,БАРАН,,
кумек гьабизе,АССИСТИРОВАТЬ,,
кьабана,БАЦ,,
кьагIрил,БАРАШКОВЫЙ,,
кьал  хъуй бугеб дагIба-рагIи,БАТАЛИЯ,,
кьвагьана,БАЦ,,
кьегIер,БАРАШЕК,,
кьочIое босизе,БАЗИРОВАТЬ,,
кьучI,БАЗА,,
кьучI  база,БАЗА,,
кьучIаб,БАЗОВЫЙ,,
кьучIаб,БАЗИСНЫЙ,,
кьучIаблъун гьаби,АРГУМЕНТАЦИЯ,,
кьучIлъун лъугьине,БАЗИРОВАТЬСЯ,,
къабихIаб,АМОРАЛЬНЫЙ,,
къадру,АВТОРИТЕТ,,
къадру бугев,АВТОРИТЕТНЫЙ,,
къадруяб,АВТОРИТЕТНЫЙ,,
къайи-къоно  гIала-гъважа,БАРАХЛО,,
къайидул тайпа,АРТИКУЛ,,
къали,БАРАБАН,,
къали бухизе,БАРАБАНИТЬ,,
къали кьабун,АУКЦИОННЫЙ,,
къали кьабун,АУКЦИОН,,
къаркъала сун,АНАТОМИРОВАТЬ,,
къасд ккезабулеб,АППЕТИТНЫЙ,,
къатIипа,БАРХАТ,,
къатIипа гIадаб,БАРХАТИСТЫЙ,,
къатIипадул,БАРХАТНЫЙ,,
къатIипадулаб,БАРХАТНЫЙ,,
къимат кьезе,АТТЕСТОВАТЬ,,
къимат кьей  аттестация,АТТЕСТАЦИЯ,,
къолол,БАРАБАННЫЙ,,
къололаб,БАРАБАННЫЙ,,
къолохъан,БАРАБАНЩИК,,
къотIун нахъе рехизе,АМПУТИРОВАТЬ,,
лазат гьечIолъи,БАНАЛЬНОСТЬ,,
лакълакъ,АИСТ,,
ламартаб иш,АФЁРА,,
ле,АУ,,
леледизе,АУКАТЬ,,
лоти,БАБНИК,,
лъадал рахъ,АРЫК,,
лъамамеседги металлги цадахъ биине,АМАЛЬГАМИРОВАТЬ,,
лъидехунниги- сундехунниги хитIаб гьабизе,АДРЕСОВАТЬСЯ,,
лъикIаблъун рикIкIине,АПРОБИРОВАТЬ,,
лъим бачараб рахъ,АРЫК,,
лъимер кьижизабизе,БАЮКАТЬ,,
лъимер тIами,АБОРТ,,
лъимер тIамизаби,АБОРТ,,
лъугIизе те,БАСТА,,
магIарул,АВАРСКИЙ,,
магIарулав,АВАРЕЦ,,
магIарулазул,АВАРСКИЙ,,
магIарулай,АВАРКА,,
магIарулал,АВАРЦЫ,,
магIданиял лъиназдалъун дару гьабиялъул,БАЛЬНЕОЛОГИЧЕСКИЙ,,
магIна гьечIеб,АБСУРДНЫЙ,,
магIна гьечIеб жо,АБСУРД,,
магIна гьечIеб рагIи,АХИНЕЯ,,
макру,АФЁРА,,
макручи,АФЕРИСТ,,
макручIужу,АФЕРИСТКА,,
малаик,АНГЕЛ,,
малаикасулаб,АНГЕЛЬСКИЙ,,
малъараб гьабунгутIизе,АРТАЧИТЬСЯ,,
манапис,АМНИСТИЯ,,
манапис лъазаби,АМНИСТИРОВАНИЕ,,
манапис лъазабизе,АМНИСТИРОВАТЬ,,
маргьа-къисабалъ букIунеб гIадаб гIорхъолъа борчIараб,БАСНОСЛОВНЫЙ,,
марксизмалда данде чIараб,АНТИМАРКСИСТСКИЙ,,
мас.: аэроклуб,АЭРО-,,
масхарачи,БАЛАГУР,,
масхараялда гаргадизе,БАЛАГУРИТЬ,,
материализмалда данде чIараб,АНТИМАТЕРИАЛИСТИЧЕСКИЙ,,
махмар,БАРХАТ,,
махраж бахъи,АРТИКУЛЯЦИЯ,,
махI берцинаб,АРОМАТИЧЕСКИЙ,,
махI гьуинаб,АРОМАТИЧЕСКИЙ,,
машина бачине ругьун гьарулеб бакI,АВТОШКОЛА,,
машинабазул база,АВТОБАЗА,,
машинабазул нухлулаб,АВТОДОРОЖНЫЙ,,
машинаби гьарулеб завод,АВТОЗАВОД,,
машинаби лъезе бихьизабураб бакI,АВТОСТОЯНКА,,
машинаби риччаялъул къецал,АВТОГОНКИ,,
машинаби хьвадулел нухазул,АВТОДОРОЖНЫЙ,,
машинадул покрышка,АВТОПОКРЫШКА,,
машинаялъе жагъаллъи ккей,АВТОАВАРИЯ,,
машинаялъе хIажалъулел тIагIелал тIолеб,АВТОЗАПЧАСТИ,,
милитаризмалда дандечIей,АНТИМИЛИТАРИЗМ,,
милитаризмалде данде чIараб,АНТИМИЛИТАРИСТСКИЙ,,
миллаталда данде чIараб,АНТИНАЦИОНАЛЬНЫЙ,,
миллаталъе заралаб,АНТИНАЦИОНАЛЬНЫЙ,,
миллаталъе тушманаб,АНТИНАЦИОНАЛЬНЫЙ,,
михIраб  къурбан хъолеб бакI,АЛТАРЬ,,
могоро  балансир,БАЛАНСИР,,
мунпагIат,БАРЫШ,,
мурадал данде кколарел,АНТАГОНИСТИЧЕСКИЙ,,
мутIигIлъунгутIизе,АРТАЧИТЬСЯ,,
мухIканаб,АККУРАТНЫЙ,,
мухIканлъи  узданлъи,АККУРАТНОСТЬ,,
на чем кьучI тIамизе,БАЗИРОВАТЬСЯ,,
нагагьлъун,АВОСЬ,,
нагIана,АНАФЕМА,,
назуклъи,БАРСТВО,,
нахъарукъ,АМБАР,,
некIсияб,АРХАИЧНЫЙ,,
некIсияб,АРХАИЧЕСКИЙ,,
некIсияб ва къиматаб,АНТИКВАРНЫЙ,,
некIсияб хутIел,АТАВИЗМ,,
низам биххараб,АНОМАЛЬНЫЙ,,
низам биххи,АНОМАЛИЯ,,
низам хвараб,АНОМАЛЬНЫЙ,,
низам хвей,АРИТМИЯ,,
низам хвей,АНОМАЛИЯ,,
нилъуги кIкIван,БАКЕНБАРДЫ,,
нужумчи,АСТРОЛОГ,,
нужумчилъи,АСТРОЛОГИЯ,,
обществоялда данде чIараб,АНТИОБЩЕСТВЕННЫЙ,,
обществоялъе заралияб,АНТИОБЩЕСТВЕННЫЙ,,
обществоялъе тушманаб,АНТИОБЩЕСТВЕННЫЙ,,
огь,АХ,,
огь бачине,АХАТЬ,,
определениялъулаб,АТРИБУТИВНЫЙ,,
от арка,АРОК,,
от бак,БАЧОК,,
официалияб къагIидаялда цо жо лъикIаблъун рикIкIин,АПРОБАЦИЯ,,
падис,БАТИСТ,,
падисалъул,БАТИСТОВЫЙ,,
пайда,БАРЫШ,,
пайда гьечIеб жо,БАРАХЛО,,
палугьан,АКРОБАТ,,
палугьан,БАЛАНСЁР,,
палугьан,АКРОБАТКА,,
палугьанлъи,АКРОБАТИКА,,
палугьанлъиялъулаб,АКРОБАТИЧЕСКИЙ,,
палугьанчилъи,АКРОБАТИКА,,
палугьанчилъиялъулаб,АКРОБАТИЧЕСКИЙ,,
партиялда данде чIараб,АНТИПАРТИЙНЫЙ,,
партиялъе тушманаб,АНТИПАРТИЙНЫЙ,,
патриотлъиялда,АНТИПАТРИОТИЧЕСКИЙ,,
пачалихъалда данде чIараб,АНТИГОСУДАРСТВЕННЫЙ,,
пикраби,АНТИПОДЫ,,
пикру буссинабизе,АКЦЕНТИРОВАТЬ,,
питначи,АВАНТЮРИСТ,,
питначилъи,АВАНТЮРИЗМ,,
питначилъиялъулаб,АВАНТЮРНЫЙ,,
питначилъиялъулаб,АВАНТЮРИСТИЧЕСКИЙ,,
питначIужу,АВАНТЮРИСТКА,,
пишачи,АККОМПАНИАТОР,,
политикаялдаса нахъе кIанцIараб,АПОЛИТИЧНЫЙ,,
политикияб ишалдаса батIа кIанцIун чIараб,АПОЛИТИЧНЫЙ,,
политикияб ишалдаса нахъе кIанцIун чIей,АПОЛИТИЧНОСТЬ,,
пудари,БАХВАЛЬСТВО,,
пударизе,БАХВАЛИТЬСЯ,,
пударухъан,БАХВАЛ,,
рагъ,БАТАЛИЯ,,
рагъ бихьизабулеб,БАТАЛЬНЫЙ,,
рагъалда данде чIараб,АНТИВОЕННЫЙ,,
рагъи  балкон,БАЛКОН,,
рагъул хIакъалъулъ бугеб,БАТАЛЬНЫЙ,,
рагъухъан,АРМЕЕЦ,,
рагьтIа-теллъи  батракал,БАТРАЧЕСТВО,,
рагьтIател,БАТРАК,,
рагьтIател,БАТРАЧКА,,
рагьтIателал,БАТРАЧЕСТВО,,
ракI гIодоб чIвараб,АПАТИЧНЫЙ,,
ракI гъанцIулеб,АНТИПАТИЧНЫЙ,,
ракI гьечIолъи,АПАТИЯ,,
ракI свараб,АПАТИЧНЫЙ,,
ракI свин,АПАТИЯ,,
ракI цIорой,АПАТИЯ,,
ракIбангутIи,АНТИПАТИЯ,,
ракIгъанцIи,АНТИПАТИЯ,,
ракь хIалтIизабиялда хурхараб,АГРАРНЫЙ,,
ракьул цIулакьо,АРАХИС,,
расандизе,БАЛОВАТЬСЯ,,
рацIцIа-ракъалъи,АККУРАТНОСТЬ,,
рацIцIа-ракъалъи гьечIеб,АНТИСАНИТАРНЫЙ,,
рацIцIа-ракъалъиялъе данде кколареб,АНТИСАНИТАРНЫЙ,,
рекIел хIалтIул низам гьечIолъи,АРИТМИЯ,,
рекIкIчи,АФЕРИСТ,,
рекьарухъанлъиялъулаб,АГРАРНЫЙ,,
рекъа-решезабизе,АККЛИМАТИЗИРОВАТЬ,,
рекъа-решезе,АККЛИМАТИЗИРОВАТЬСЯ,,
рекъонгутIизе,АРТАЧИТЬСЯ,,
релълъараб,АНАЛОГИЧНЫЙ,,
релълъараблъун лъугьин 3. ассимиляция,АССИМИЛЯЦИЯ,,
релълъараблъун лъугьине,АССИМИЛИРОВАТЬСЯ,,
ретIа-къаялъул узданлъи,АККУРАТНОСТЬ,,
рецц-бакъчилъи,БАХВАЛЬСТВО,,
реццари,БАХВАЛЬСТВО,,
ритIухъ гьабизе,АПРОБИРОВАТЬ,,
риччазе,АМНИСТИРОВАТЬ,,
риччай,АМНИСТИРОВАНИЕ,,
рищи,БАЛЛОТИРОВКА,,
рокьукъаб,АНТИПАТИЧНЫЙ,,
рокьукълъи,АНТИПАТИЯ,,
рорхатал мугIрузул,АЛЬПИЙСКИЙ,,
росасе арай  лъади  чIужугIадан  цIукIа,БАБА,,
росдал,АУЛЬНЫЙ,,
росдал магIишаталъул рукIа-рахъиналда хурхараб,АГРОПРОМЫШЛЕННЫЙ,,
росдал совет,АУЛСОВЕТ,,
росу,АУЛ,,
ругьунлъизе,АККЛИМАТИЗИРОВАТЬСЯ,,
рухI щокъробе бахин,АГОНИЯ,,
руччабазда хадув лъугьунев чи,БАБНИК,,
руччабазул,БАБИЙ,,
руччабазулаб,БАБИЙ,,
сабаб,АМУЛЕТ,,
самолет боржунаго ккараб балагь,АВИАКАТАСТРОФА,,
самолет борти,АВИАКАТАСТРОФА,,
самолетаз поч баччи,АВИАПОЧТА,,
самолетал гьари,АВИАСТРОЕНИЕ,,
самолеталъе билет,АВИАБИЛЕТ,,
самолеталъул кумекалдалъун разведка гьаби,АВИАРАЗВЕДКА,,
санидул,БАРБАРИСОВЫЙ,,
си,БАШНЯ,,
сивул,БАШЕННЫЙ,,
сиетрия гьечIеб,АСИЕТРИЧЕСКИЙ,,
сий,АВТОРИТЕТ,,
симис,БАХРОМА,,
сипатияб,АТРИБУТИВНЫЙ,,
сиялъулаб,БАШЕННЫЙ,,
совет власталда данде чIараб,АНТИСОВЕТСКИЙ,,
совет власталдехун тушманлъи ккураб,АНТИСОВЕТСКИЙ,,
соно,БАРБАРИС,,
тажал,АНТИХРИСТ,,
тасдикъ гьабизе,АПРОБИРОВАТЬ,,
тахтадул,БАРАШКОВЫЙ,,
телеграа ва гь. ц. битIулев чи,АДРЕСАТ,,
теркIезе,БАРАХТАТЬСЯ,,
торг гьабун,АУКЦИОННЫЙ,,
тIабигIиял шартIазда рекъонккей,АККЛИМАТИЗАЦИЯ,,
тIаде вачIине изнукьей,АУДИЕНЦИЯ,,
тIаде къабул гьави,АУДИЕНЦИЯ,,
тIаса лъугьун,АМНИСТИРОВАНИЕ,,
тIаса лъугьун,АМНИСТИРОВАТЬ,,
тIатун лъазабизе,АФИШИРОВАТЬ,,
тIомол жанисеб рахъ,БАХТАРМА,,
тIубанго,АБСОЛЮТНО,,
туризе течIого,БАЛЬЗАМИРОВАТЬ,,
туснахъ,АРЕСТОВАННЫЙ,,
туснахъ,АРЕСТАНТКА,,
туснахъ,АРЕСТАНТ,,
туснахъ гьави,АРЕСТ,,
туснахъ гьавизе,АРЕСТОВАТЬ,,
туснахъ гьавурав,АРЕСТОВАННЫЙ,,
туснахъалда тIамурав чи,АРЕСТАНТ,,
туснахъалда тIамурай гIадан,АРЕСТАНТКА,,
тушманаб,АГРЕССИВНЫЙ,,
тушманаб къасд букIин,АГРЕССИВНОСТЬ,,
угьдизе,АХАТЬ,,
ункъбокIонаб чIалу,БАЛКА,,
унти лъангутIи,АНЕСТЕЗИЯ,,
фашизмалда данде чIараб,АНТИФАШИСТСКИЙ,,
фашизмалда данде чIарав,АНТИФАШИСТ,,
хайир,БАРЫШ,,
халатаб гIералда тIогьиб чIвараб гъармахъ,БАГОР,,
халатаб кIкIал,БАЛКА,,
халатаб халгIат,БАЛАХОН,,
халкъалда гьоркьоб агитация гьабулеб,АГИТМАССОВЫЙ,,
халкъалда данде чIараб,АНТИНАРОДНЫЙ,,
халкъалъе заралаб,АНТИНАРОДНЫЙ,,
халкъалъе тушманаб,АНТИНАРОДНЫЙ,,
халкъияв поэт-кочIохъан,АШУГ,,
харакат бахъи  хIаракат цIикIкIин,АКТИВИЗАЦИЯ,,
харж гьабизе,АССИГНОВАТЬ,,
хасиятал,АНТИПОДЫ,,
хашаб,АЛЯПОВАТЫЙ,,
хварав чиясул къаркъала,БАЛЬЗАМИРОВАТЬ,,
хвезабизе,АННУЛИРОВАТЬ,,
хехго гIун бачIунеб лъимер,АКСЕЛЕРАТ,,
хехго гьабулеб,АВРАЛЬНЫЙ,,
химиялъулал процессазул хIакъалъулъ бугеб астрономиялъул бутIа,АСТРОФИЗИКА,,
хисулел къватIисел шартIазде черх ругьунлъизабизе,АДАПТИРОВАТЬ,,
холесул чIаголъиялъулахириял гIаламатал,АГОНИЯ,,
хочI,АНЕКДОТ,,
хочI-хабар,БАСНЯ,,
хочIаб,АНЕКДОТИЧЕСКИЙ,,
хIавагIеч,АЙВА,,
хIавагIечул,АЙВОВЫЙ,,
хIавагIечулаб,АЙВОВЫЙ,,
хIавуз,БАССЕЙН,,
хIадари,АФФЕКТАЦИЯ,,
хIажилакълакъ,АИСТ,,
хIайваназул щинкIилалда тIадехунисеб рищи  бекI,БАБКА,,
хIайранлъизе,БАЛДЕТЬ,,
хIаким,АДМИНИСТРАТОР,,
хIакъикъаталда бугеб,АКТУАЛЬНЫЙ,,
хIакъикъияб гуреблъун гьабизе,АННУЛИРОВАТЬ,,
хIал бачIин,АФФЕКТ,,
хIалица ракь бахъи,АННЕКСИЯ,,
хIалица ракь бахъизе,АННЕКСИРОВАТЬ,,
хIалица ракь бахъиялъулаб,АННЕКСИОНИСТСКИЙ,,
хIалтIи рехун тезе,БАСТОВАТЬ,,
хIалтIулареб,АТРОФИРОВАННЫЙ,,
хIалтIунгутIи,АТРОФИЯ,,
хIамам,БАНЯ,,
хIамамалъул,БАННЫЙ,,
хIамамалъул хIалтIухъан,БАНЩИК,,
хIамамалъул хIалтIухъан,БАНЩИЦА,,
хIамамчи,БАНЩИК,,
хIамамчIужу,БАНЩИЦА,,
хIаракат бахъи,АКТИВНОСТЬ,,
хIаракат бахъун,АКТИВНО,,
хIаракат гьабун,АКТИВНО,,
хIаракат цикIкIине,АКТИВИЗИРОВАТЬСЯ,,
хIаракат цIикIкIинабизе,АКТИВИЗИРОВАТЬ,,
хIаракатаб,АКТИВНЫЙ,,
хIаракатчагIи,АКТИВ,,
хIаракатчи,АКТИВИСТ,,
хIаракатчилъи,АКТИВНОСТЬ,,
хIаракатчIужу,АКТИВИСТКА,,
хIехьезе кIолареб,АДСКИЙ,,
хIилла,АФЁРА,,
хIиллачи,АФЕРИСТ,,
хIиллачIужу,АФЕРИСТКА,,
хIисабгIелму,АРИФМЕТИКА,,
хIоржо,БАРАН,,
хIубазда тIад бараб чIухIараб ххамил тIадхъел,БАЛДАХИН,,
хIуби,БАЛКА,,
хIужжа,АРГУМЕНТ,,
хIужжа чIезабизе,АРГУМЕНТИРОВАТЬ,,
хIужжаби рачин,АРГУМЕНТАЦИЯ,,
хIукуматалда данде чIараб,АНТИПРАВИТЕЛЬСТВЕННЫЙ,,
хIурмат,АВТОРИТЕТ,,
хIурмат бугев,АВТОРИТЕТНЫЙ,,
хIурматаб,АВТОРИТЕТНЫЙ,,
художествияб махI гьечIеб,АНТИХУДОЖЕСТВЕННЫЙ,,
хурхен букIине,АССОЦИИРОВАТЬ,,
хурхен лъугьине,АССОЦИИРОВАТЬ,,
хух  тахта,БАРАШЕК,,
ххвелал гьари,АФФЕКТАЦИЯ,,
хъала,БАШНЯ,,
хъамалчагIи,БАНДА,,
хъантIараб,АЛЧНЫЙ,,
хъантIи,АЛЧНОСТЬ,,
хъарпуз,АРБУЗ,,
хъарпузалъул,АРБУЗНЫЙ,,
хъарт,БАБА-ЯГА,,
хъат кьабизе,АПЛОДИРОВАТЬ,,
хъат чIвазе,АПЛОДИРОВАТЬ,,
хъаткьаби,АПЛОДИСМЕНТЫ,,
хъатчIвай,АПЛОДИСМЕНТЫ,,
хъахIролъул ханждал бежараб гор,БАРАНКА,,
хъачагъ,БАНДИТ,,
хъачагъазул къокъа,БАНДА,,
хъачагъазулаб,БАНДИТСКИЙ,,
хъачагъал,БАНДА,,
хъачагълъи,БАНДИТИЗМ,,
хъил,АСФАЛЬТ,,
хъил тIезе,АСФАЛЬТИРОВАТЬ,,
хъил тIей,АСФАЛЬТИРОВАНИЕ,,
хъилалъул,АСФАЛЬТОВЫЙ,,
хъитI,БАЛКА,,
хьвада – чIвадиялъул тIалабазда данде кколареб,АМОРАЛЬНЫЙ,,
хьецIел,БАРДА,,
хьордой,АБСЦЕСС,,
хьул лъезабулеб,АППЕТИТНЫЙ,,
цебеккунго лъазабизе,АНОНСИРОВАТЬ,,
цебесеб пост,АВАНПОСТ,,
цебехъан,АВАНГАРД,,
цебехъанлъиялъулаб,АВАНГАРДНЫЙ,,
цересел греказул ва румазул тарихалда ва культураялда хурхараб,АНТИЧНЫЙ,,
цо бакI кьучIлъун гьабизе,БАЗИРОВАТЬ,,
цо гьабураб иш,АКТ,,
цо хIалалда чIоларев,БАЛАМУТ,,
цоцада релълъин,АНАЛОГИЯ,,
цощинаб,АВОСЬ,,
цIакъ кеп гьабизе,БАЛДЕТЬ,,
цIакъ тIагIамаб,АППЕТИТНЫЙ,,
цIал,АРАПНИК,,
цIалкIахараб,АЖУРНЫЙ,,
цIанлъара,АСКАРИДА,,
цIаргьечI,АНОНИМ,,
цIеха-рехон балагьизе,АНАЛИЗИРОВАТЬ,,
цIиркъ,БАРС,,
цIиркъил,БАРСОВЫЙ,,
цIиркъилаб,БАРСОВЫЙ,,
цIодорав,БАШКОВИТЫЙ,,
цIулал ведро,БАДЬЯ,,
цIунизе,АККУМУЛИРОВАТЬ,,
цIунизе,БАЛЬЗАМИРОВАТЬ,,
цунтур,АСКАРИДА,,
ццидахин,АФФЕКТ,,
чанагъалда гIосокартIал,АЛЬВЕОЛЫ,,
чарангьецIол,БАЗАЛЬТОВЫЙ,,
черх рахъ-рахъалде гьетIаризабун,БАЛАНСИРОВАТЬ,,
чи,БАЦИЛЛОНОСИТЕЛЬ,,
что баррикада гьабизе,БАРРИКАДИРОВАТЬ,,
что на чем базалъун гьабизе,БАЗИРОВАТЬ,,
что хIабургъинабизе,БАЛАМУТИТЬ,,
чIалабаз бараб,БАЛОЧНЫЙ,,
чIалабазул,БАЛОЧНЫЙ,,
чIалгIадисеб рагIи,АХИНЕЯ,,
чIалгIараб,БАНАЛЬНЫЙ,,
чIамучIаб,БАНАЛЬНЫЙ,,
чIамучIлъи,БАНАЛЬНОСТЬ,,
чIанда,АХИНЕЯ,,
чIанда,АХИНЕЯ,,
чIарахъан,АКУШЕРКА,,
чIарахъанасул,АКУШЕРСКИЙ,,
чIарахъанлъи,АКУШЕРСТВО,,
чIарахъанлъиялъул,АКУШЕРСКИЙ,,
чIва-чIвадизе,БАРАХТАТЬСЯ,,
чIван къотIараб гуреб,АБСТРАКТНЫЙ,,
чIемегIлъизе,БАРАХЛИТЬ,,
чIобогояб,АБСУРД,,
чIухIдари,АМБИЦИЯ,,
шавкъ,АЗАРТ,,
шавкъ щун гьабулеб,АЗАРТНЫЙ,,
шавкъалда,АЗАРТНО,,
шавкъалда гьабулеб,АЗАРТНЫЙ,,
шавкъияб,АЗАРТНЫЙ,,
щекъер унти,АНГИНА,,
щокъробе рухI бахараб хIалалда рукIине,АГОНИЗИРОВАТЬ,,
щокърол гарцIал гьорой,АНГИНА,,
эмен  кашиш,БАТЮШКА,,
эрмени халкъ,АРМЯНЕ,,
эрменияв,АРМЯНИН,,
эрменияй,АРМЯНКА,,
эрмениял,АРМЯНЕ,,
эрмениялъулаб,АРМЯНСКИЙ,,
яс,БАРЫШНЯ,,
ясгIадан,БАРЫШНЯ,,
яшавалде бахъинабизе кIолеб,АКТУАЛЬНЫЙ,,
